,AAPL,BTC-USD,JNJ,SPY,XOM
AAPL,1.0,0.30272735003400336,0.37491935790338143,0.7925502411862091,0.2881406908913419
BTC-USD,0.30272735003400336,1.0,0.11243518604462918,0.38835019341765065,0.19522488878588956
JNJ,0.37491935790338143,0.11243518604462918,1.0,0.5177513670803806,0.30134985227714783
SPY,0.7925502411862091,0.38835019341765065,0.5177513670803806,1.0,0.5223910330868761
XOM,0.2881406908913419,0.19522488878588956,0.30134985227714783,0.5223910330868761,1.0
