Metric,Value
VaR (95%),19424.077390912964
Volatility,0.2417890149621052
Sharpe Ratio,0.91728325621768
